,Authority,variable,Issues,Stock,legend
0,Barking & Dagenham,Adult Fiction,85238.00000268,48499.00000521,Others
1,Barking & Dagenham,Adult Non-Fiction,45438.00000212,33261.99999428,Others
2,Barking & Dagenham,Children's Fiction,139544.99999946,39667.9999993,Others
3,Barking & Dagenham,Children's Non-Fiction,26622.99999381,13620.999999569,Others
4,Barking & Dagenham,Adult Talking Book,8168.000000162,3621.999999929,Others
5,Barking & Dagenham,Children's Talking Book,231.000000076,301.9999999989,Others
6,Barking & Dagenham,"Music, Videos and DVDs; Multi-media and Open Learning Packs; CD-ROMs and Software",1280.9999999763002,6967.999999545999,Others
7,Barnet,Adult Fiction,228171.00001428995,72193.99998782,Barnet
8,Barnet,Adult Non-Fiction,139527.99998715997,62436.99998865999,Barnet
9,Barnet,Children's Fiction,459558.9998144999,94202.99999048999,Barnet
10,Barnet,Children's Non-Fiction,102552.00000941,28761.999998099996,Barnet
11,Barnet,Adult Talking Book,7901.999998424999,4901.999998058,Barnet
12,Barnet,Children's Talking Book,289.99999994309997,156.9999999651,Barnet
13,Barnet,"Music, Videos and DVDs; Multi-media and Open Learning Packs; CD-ROMs and Software",12388.999998932999,16157.999999529999,Barnet
14,Bedford,Adult Fiction,209003.99992550001,45628.000007530005,Others
15,Bedford,Adult Non-Fiction,82041.00000597001,27639.000000010004,Others
16,Bedford,Children's Fiction,236910.9999358,34573.00000332,Others
17,Bedford,Children's Non-Fiction,30595.00000513,8358.999999606001,Others
18,Bedford,Adult Talking Book,8870.999999529,3546.000000692,Others
19,Bedford,Children's Talking Book,2334.9999998350004,593.9999999391,Others
20,Bedford,"Music, Videos and DVDs; Multi-media and Open Learning Packs; CD-ROMs and Software",3083.000000413,3282.0000004880003,Others
21,Bexley,Adult Fiction,217114.99999215,49301.999992310004,Others
22,Bexley,Adult Non-Fiction,118340.99999722,33848.000002700006,Others
23,Bexley,Children's Fiction,259506.99989110004,44755.99998857,Others
24,Bexley,Children's Non-Fiction,43978.99998804001,14154.000000595,Others
25,Bexley,Adult Talking Book,6544.0000012010005,5992.000000441,Others
26,Bexley,Children's Talking Book,1067.0000001232002,739.9999998781,Others
27,Bexley,"Music, Videos and DVDs; Multi-media and Open Learning Packs; CD-ROMs and Software",1718.9999999809002,2491.000000047,Others
28,Blackburn with Darwen,Adult Fiction,107903.99999904,30614.9999946,Others
29,Blackburn with Darwen,Adult Non-Fiction,40831.999994699996,25288.999996289996,Others
30,Blackburn with Darwen,Children's Fiction,76574.00000517,17458.99999905,Others
31,Blackburn with Darwen,Children's Non-Fiction,15288.000000449998,8706.000000711,Others
32,Blackburn with Darwen,Adult Talking Book,7023.999999696,1830.00000033,Others
33,Blackburn with Darwen,Children's Talking Book,451.99999992689993,462.00000004649996,Others
34,Blackburn with Darwen,"Music, Videos and DVDs; Multi-media and Open Learning Packs; CD-ROMs and Software",1059.0000000609,666.9999999534,Others
35,Blackpool,Adult Fiction,151739.000061,40323.00000254,Others
36,Blackpool,Adult Non-Fiction,44130.00000678001,28409.99999884,Others
37,Blackpool,Children's Fiction,63760.00000248,26774.99999558,Others
38,Blackpool,Children's Non-Fiction,9453.99999985,7705.999999336001,Others
39,Blackpool,Adult Talking Book,6864.000000232,4612.999999346001,Others
40,Blackpool,Children's Talking Book,161.000000029,101.00000001040002,Others
41,Blackpool,"Music, Videos and DVDs; Multi-media and Open Learning Packs; CD-ROMs and Software",299.99999995359997,162.9999999878,Others
42,Bolton,Adult Fiction,205989.00000908002,56604.99999604001,Others
43,Bolton,Adult Non-Fiction,71814.99999256001,56707.99999592,Others
44,Bolton,Children's Fiction,155865.99999404,48985.999989280004,Others
45,Bolton,Children's Non-Fiction,30530.99998956,16642.999998620002,Others
46,Bolton,Adult Talking Book,13111.000000920001,6258.999999884,Others
47,Bolton,Children's Talking Book,484.00000005320004,390.000000132,Others
48,Bolton,"Music, Videos and DVDs; Multi-media and Open Learning Packs; CD-ROMs and Software",1870.9999999032,3785.0000007280005,Others
49,"Bournemouth, Christchurch & Poole",Adult Fiction,475366.99986960005,138071.9999864,Others
50,"Bournemouth, Christchurch & Poole",Adult Non-Fiction,203520.99998783003,132242.00000067998,Others
51,"Bournemouth, Christchurch & Poole",Children's Fiction,402779.0001024,85086.99999393,Others
52,"Bournemouth, Christchurch & Poole",Children's Non-Fiction,58523.00001137001,28926.999999751,Others
53,"Bournemouth, Christchurch & Poole",Adult Talking Book,19128.000001444998,13708.000001248001,Others
54,"Bournemouth, Christchurch & Poole",Children's Talking Book,3872.9999999227,1806.0000001342,Others
55,"Bournemouth, Christchurch & Poole","Music, Videos and DVDs; Multi-media and Open Learning Packs; CD-ROMs and Software",18086.000001041,24431.000001020002,Others
56,Brent,Adult Fiction,186319.99999728,56004.00000754,Comparitor authority
57,Brent,Adult Non-Fiction,174253.99999120002,46992.999997499996,Comparitor authority
58,Brent,Children's Fiction,448839.00008080003,76136.00000826,Comparitor authority
59,Brent,Children's Non-Fiction,84588.99998722,25090.00000151,Comparitor authority
60,Brent,Adult Talking Book,7901.999999052001,3670.0000009320006,Comparitor authority
61,Brent,Children's Talking Book,808.0000001342,507.0000001638,Comparitor authority
62,Brent,"Music, Videos and DVDs; Multi-media and Open Learning Packs; CD-ROMs and Software",4009.999999266,3532.999999188,Comparitor authority
63,Brighton & Hove,Adult Fiction,245148.00000558997,79487.99999509999,Others
64,Brighton & Hove,Adult Non-Fiction,173687.00000981,98828.99999177999,Others
65,Brighton & Hove,Children's Fiction,302529.99989659997,65244.000014009995,Others
66,Brighton & Hove,Children's Non-Fiction,44509.00000301,18391.999998583997,Others
67,Brighton & Hove,Adult Talking Book,13443.999998598,7629.000000845,Others
68,Brighton & Hove,Children's Talking Book,2365.9999999711995,891.0000000343999,Others
69,Brighton & Hove,"Music, Videos and DVDs; Multi-media and Open Learning Packs; CD-ROMs and Software",38302.999997479994,25999.000000404998,Others
70,Bristol,Adult Fiction,460103.00001176,114627.00000275999,Others
71,Bristol,Adult Non-Fiction,360938.999981,109441.99997892,Others
72,Bristol,Children's Fiction,583331.0002198,110104.00001201998,Others
73,Bristol,Children's Non-Fiction,71434.9999769,24807.000000216,Others
74,Bristol,Adult Talking Book,16326.000000702,14456.000001295999,Others
75,Bristol,Children's Talking Book,7546.000002128,3200.0000001283997,Others
76,Bristol,"Music, Videos and DVDs; Multi-media and Open Learning Packs; CD-ROMs and Software",27634.999998717998,25829.000001854,Others
77,Bromley,Adult Fiction,370689.00003440003,77594.99999325,Comparitor authority
78,Bromley,Adult Non-Fiction,268789.99999569,83306.0000065,Comparitor authority
79,Bromley,Children's Fiction,558349.9999046001,75046.99998902,Comparitor authority
80,Bromley,Children's Non-Fiction,97763.00000936001,29429.000001194003,Comparitor authority
81,Bromley,Adult Talking Book,10240.000000922,7566.999998339,Comparitor authority
82,Bromley,Children's Talking Book,2220.0000001246003,1009.000000024,Comparitor authority
83,Bromley,"Music, Videos and DVDs; Multi-media and Open Learning Packs; CD-ROMs and Software",10223.000001465001,11811.000000001,Comparitor authority
84,Buckinghamshire,Adult Fiction,564064.9999040001,98147.9999744,Others
85,Buckinghamshire,Adult Non-Fiction,187509.0000192,34183.99999776,Others
86,Buckinghamshire,Children's Fiction,575598.0000959999,105558.0000128,Others
87,Buckinghamshire,Children's Non-Fiction,143159.9999968,34049.99999744,Others
88,Buckinghamshire,Adult Talking Book,10360.99999872,6093.0000016,Others
89,Buckinghamshire,Children's Talking Book,2550.99999984,1466.999999744,Others
90,Buckinghamshire,"Music, Videos and DVDs; Multi-media and Open Learning Packs; CD-ROMs and Software",14992.00000032,8433.00000256,Others
91,Bury,Adult Fiction,135231.9999984,47143.9999941,Others
92,Bury,Adult Non-Fiction,30788.0000043,17269.00000087,Others
93,Bury,Children's Fiction,64415.9999995,20645.9999928,Others
94,Bury,Children's Non-Fiction,10982.9999998,6151.999999279999,Others
95,Bury,Adult Talking Book,4535.0000005,5308.00000072,Others
96,Bury,Children's Talking Book,553.99999996,53.999999983,Others
97,Bury,"Music, Videos and DVDs; Multi-media and Open Learning Packs; CD-ROMs and Software",2372.00000047,2177.00000016,Others
98,Calderdale,Adult Fiction,228029.99992200002,78922.9999926,Others
99,Calderdale,Adult Non-Fiction,93301.999992,68748.99999525,Others
100,Calderdale,Children's Fiction,141958.00000125,51803.9999973,Others
101,Calderdale,Children's Non-Fiction,21739.000004999998,13315.999999005,Others
102,Calderdale,Adult Talking Book,8800.99999911,5075.000000505,Others
103,Calderdale,Children's Talking Book,805.9999998960001,528.9999999795,Others
104,Calderdale,"Music, Videos and DVDs; Multi-media and Open Learning Packs; CD-ROMs and Software",12048.000000615,7703.999998965,Others
105,Cambridgeshire,Adult Fiction,607899.000032,165637.99998735,Others
106,Cambridgeshire,Adult Non-Fiction,225566.00001685,143194.0000027,Others
107,Cambridgeshire,Children's Fiction,852978.0002535001,135058.0000245,Others
108,Cambridgeshire,Children's Non-Fiction,118763.00000490001,56747.000001525,Others
109,Cambridgeshire,Adult Talking Book,17921.999998495,13672.999996765,Others
110,Cambridgeshire,Children's Talking Book,11789.000000695001,5039.999999901001,Others
111,Cambridgeshire,"Music, Videos and DVDs; Multi-media and Open Learning Packs; CD-ROMs and Software",14914.999998295,18134.999997905,Others
112,Camden,Adult Fiction,94892.000013,71820.999999,Others
113,Camden,Adult Non-Fiction,106932.999987,125703.000009,Others
114,Camden,Children's Fiction,91358.00000999999,50027.000004,Others
115,Camden,Children's Non-Fiction,19774.000000800002,22418.0000001,Others
116,Camden,Adult Talking Book,5435.9999990999995,4482.0,Others
117,Camden,Children's Talking Book,305.00000009999997,348.00000003,Others
118,Camden,"Music, Videos and DVDs; Multi-media and Open Learning Packs; CD-ROMs and Software",5453.000001,20906.9999991,Others
119,Central Bedfordshire,Adult Fiction,308405.0001084,63842.99999532,Others
120,Central Bedfordshire,Adult Non-Fiction,108914.00000364002,40354.99999128,Others
121,Central Bedfordshire,Children's Fiction,339368.0000256,63930.99999390001,Others
122,Central Bedfordshire,Children's Non-Fiction,48759.00001440001,21393.000000918,Others
123,Central Bedfordshire,Adult Talking Book,12611.999999820002,4023.999999084,Others
124,Central Bedfordshire,Children's Talking Book,3244.999998864,954.9999999774002,Others
125,Central Bedfordshire,"Music, Videos and DVDs; Multi-media and Open Learning Packs; CD-ROMs and Software",3229.0000004340004,3255.999999408,Others
126,Cheshire East,Adult Fiction,713397.9998454,121781.00001335998,Others
127,Cheshire East,Adult Non-Fiction,309977.0000073,105811.99998746,Others
128,Cheshire East,Children's Fiction,697886.0001486,114897.99999808,Others
129,Cheshire East,Children's Non-Fiction,101252.99999236,21181.999998912,Others
130,Cheshire East,Adult Talking Book,15539.000001097998,6400.000000046,Others
131,Cheshire East,Children's Talking Book,2554.0000001012,1073.0000001764,Others
132,Cheshire East,"Music, Videos and DVDs; Multi-media and Open Learning Packs; CD-ROMs and Software",13243.000000510001,6275.999999451999,Others
133,Cheshire West & Chester,Adult Fiction,499271.99998880003,106244.99998291001,Others
134,Cheshire West & Chester,Adult Non-Fiction,219329.00001715,107268.00001502,Others
135,Cheshire West & Chester,Children's Fiction,469007.00008340005,104804.9999849,Others
136,Cheshire West & Chester,Children's Non-Fiction,60626.00001424001,20767.999999129,Others
137,Cheshire West & Chester,Adult Talking Book,16450.000000188,5800.999999441001,Others
138,Cheshire West & Chester,Children's Talking Book,706.0000001013001,387.0000001085,Others
139,Cheshire West & Chester,"Music, Videos and DVDs; Multi-media and Open Learning Packs; CD-ROMs and Software",10478.9999996,8207.999998950001,Others
140,Coventry,Adult Fiction,238025.00001460002,111689.9999964,Others
141,Coventry,Adult Non-Fiction,101072.0000145,80637.00000525,Others
142,Coventry,Children's Fiction,272551.00000195,99165.99998364999,Others
143,Coventry,Children's Non-Fiction,37466.00001755,26651.000001455002,Others
144,Coventry,Adult Talking Book,11583.00000086,7495.99999901,Others
145,Coventry,Children's Talking Book,842.000000001,893.999999964,Others
146,Coventry,"Music, Videos and DVDs; Multi-media and Open Learning Packs; CD-ROMs and Software",9688.99999955,14860.0,Others
147,Croydon,Adult Fiction,186884.00001159,98235.00000449999,Comparitor authority
148,Croydon,Adult Non-Fiction,127676.99998383,98737.99999083,Comparitor authority
149,Croydon,Children's Fiction,224720.9999901,85012.00000229999,Comparitor authority
150,Croydon,Children's Non-Fiction,38691.99998172,28775.000000955,Comparitor authority
151,Croydon,Adult Talking Book,5331.0000009509995,5787.99999984,Comparitor authority
152,Croydon,Children's Talking Book,1820.000000094,1468.9999998549001,Comparitor authority
153,Croydon,"Music, Videos and DVDs; Multi-media and Open Learning Packs; CD-ROMs and Software",470.99999984159996,3002.0000001423,Comparitor authority
154,Cumbria,Adult Fiction,622409.0,163581.0,Others
155,Cumbria,Adult Non-Fiction,253117.0,208980.0,Others
156,Cumbria,Children's Fiction,239346.0,93331.0,Others
157,Cumbria,Children's Non-Fiction,48047.0,33298.0,Others
158,Cumbria,Adult Talking Book,22736.0,14930.0,Others
159,Cumbria,Children's Talking Book,2936.0,2668.0,Others
160,Cumbria,"Music, Videos and DVDs; Multi-media and Open Learning Packs; CD-ROMs and Software",11297.0,18117.0,Others
161,Darlington,Adult Fiction,124470.9999468,21196.000002599998,Others
162,Darlington,Adult Non-Fiction,40223.00000135999,13334.00000364,Others
163,Darlington,Children's Fiction,73391.99999616,17902.99999548,Others
164,Darlington,Children's Non-Fiction,10786.00000392,4467.999999732,Others
165,Darlington,Adult Talking Book,6285.000000348,2161.00000032,Others
166,Darlington,Children's Talking Book,1431.99999996,821.9999999483999,Others
167,Darlington,"Music, Videos and DVDs; Multi-media and Open Learning Packs; CD-ROMs and Software",1749.9999999719998,2481.999999516,Others
168,Devon,Adult Fiction,1079511.9998512,215404.99999352,Others
169,Devon,Adult Non-Fiction,312334.9999928,223306.00001728,Others
170,Devon,Children's Fiction,713918.9999871199,179087.000038,Others
171,Devon,Children's Non-Fiction,85651.99999768,33726.999996896004,Others
172,Devon,Adult Talking Book,41582.00000136,20239.000001824,Others
173,Devon,Children's Talking Book,18009.0000038,3897.9999997303994,Others
174,Devon,"Music, Videos and DVDs; Multi-media and Open Learning Packs; CD-ROMs and Software",43543.99999616,37050.000003368,Others
175,Dorset,Adult Fiction,534231.999873,161530.00000355,Others
176,Dorset,Adult Non-Fiction,196466.0000022,106358.0000015,Others
177,Dorset,Children's Fiction,265184.00001714996,86326.9999887,Others
178,Dorset,Children's Non-Fiction,39650.00001255,23248.999999195,Others
179,Dorset,Adult Talking Book,29477.000001739998,12832.999998234998,Others
180,Dorset,Children's Talking Book,3588.999999811,2988.0000000155,Others
181,Dorset,"Music, Videos and DVDs; Multi-media and Open Learning Packs; CD-ROMs and Software",8856.9999997,11965.99999894,Others
182,Dudley,Adult Fiction,394061.9999424,115804.00000752001,Others
183,Dudley,Adult Non-Fiction,162737.000016,87605.99999424,Others
184,Dudley,Children's Fiction,254441.00000592004,122058.00000336001,Others
185,Dudley,Children's Non-Fiction,39488.00001552,101652.00001536001,Others
186,Dudley,Adult Talking Book,29693.000000160002,13934.000000688002,Others
187,Dudley,Children's Talking Book,2808.0000001344,1576.9999999440001,Others
188,Dudley,"Music, Videos and DVDs; Multi-media and Open Learning Packs; CD-ROMs and Software",20100.0,20698.000001184,Others
189,Durham,Adult Fiction,849438.0000666,130674.99998124,Others
190,Durham,Adult Non-Fiction,226437.9999813,53280.00002079001,Others
191,Durham,Children's Fiction,412404.00001272,74718.99997704,Others
192,Durham,Children's Non-Fiction,57924.999998549996,17528.999997978,Others
193,Durham,Adult Talking Book,49342.000000284,8784.999999684,Others
194,Durham,Children's Talking Book,1812.0000001077,573.9999998462999,Others
195,Durham,"Music, Videos and DVDs; Multi-media and Open Learning Packs; CD-ROMs and Software",187.000000263,51.9999999399,Others
196,Ealing,Adult Fiction,133522.00001434,88960.00001594001,Comparitor authority
197,Ealing,Adult Non-Fiction,127470.00000454001,88511.99998736,Comparitor authority
198,Ealing,Children's Fiction,256819.99998558,78070.0000068,Comparitor authority
199,Ealing,Children's Non-Fiction,51883.000013699995,38445.9999894,Comparitor authority
200,Ealing,Adult Talking Book,2344.9999999114,3565.000000726,Comparitor authority
201,Ealing,Children's Talking Book,782.9999999537999,1218.9999999725999,Comparitor authority
202,Ealing,"Music, Videos and DVDs; Multi-media and Open Learning Packs; CD-ROMs and Software",3520.0000004340004,13077.999998880001,Comparitor authority
203,East Sussex,Adult Fiction,618827.999958,155941.99999532002,Others
204,East Sussex,Adult Non-Fiction,187459.99999776002,123208.99998456001,Others
205,East Sussex,Children's Fiction,514632.00002760004,123150.99997788001,Others
206,East Sussex,Children's Non-Fiction,68377.99999184001,31721.999999228003,Others
207,East Sussex,Adult Talking Book,26442.000001732,17425.00000192,Others
208,East Sussex,Children's Talking Book,5497.0000001812,2272.9999997684004,Others
209,East Sussex,"Music, Videos and DVDs; Multi-media and Open Learning Packs; CD-ROMs and Software",11783.000002312001,15612.999999968,Others
210,Enfield,Adult Fiction,203236.00001436,78494.99999822,Others
211,Enfield,Adult Non-Fiction,133824.000005,61486.999987279996,Others
212,Enfield,Children's Fiction,341424.0000112,72721.99999748,Others
213,Enfield,Children's Non-Fiction,52301.999998060004,16865.000000814,Others
214,Enfield,Adult Talking Book,15596.000001244,5432.999999539999,Others
215,Enfield,Children's Talking Book,1066.9999999370002,575.9999999516,Others
216,Enfield,"Music, Videos and DVDs; Multi-media and Open Learning Packs; CD-ROMs and Software",7135.000001620001,9135.999998472,Others
217,Essex,Adult Fiction,1600913.0006940002,435278.99994179996,Others
218,Essex,Adult Non-Fiction,597095.00001432,310861.99994424,Others
219,Essex,Children's Fiction,1325154.00006804,404968.00005876,Others
220,Essex,Children's Non-Fiction,161749.00007100002,109478.999994516,Others
221,Essex,Adult Talking Book,66282.999999864,39871.99999548,Others
222,Essex,Children's Talking Book,1944.9999994716002,2170.0000003751998,Others
223,Essex,"Music, Videos and DVDs; Multi-media and Open Learning Packs; CD-ROMs and Software",66120.999998856,72706.99999957201,Others
224,Gateshead,Adult Fiction,270573.9999849,61763.99999555999,Others
225,Gateshead,Adult Non-Fiction,72079.00000372,40457.99999397,Others
226,Gateshead,Children's Fiction,138906.99999453,38264.99999999,Others
227,Gateshead,Children's Non-Fiction,23601.00000704,14302.999999709999,Others
228,Gateshead,Adult Talking Book,23272.999993139998,8294.000000076,Others
229,Gateshead,Children's Talking Book,1258.9999999551999,1101.000000052,Others
230,Gateshead,"Music, Videos and DVDs; Multi-media and Open Learning Packs; CD-ROMs and Software",14597.999999913,28326.99999955,Others
231,Greenwich,Adult Fiction,236032.99999202997,72045.000006,Others
232,Greenwich,Adult Non-Fiction,156584.99998897998,56582.00000494,Others
233,Greenwich,Children's Fiction,419713.99986459996,81849.99999918,Others
234,Greenwich,Children's Non-Fiction,51713.99998663,22051.999999491,Others
235,Greenwich,Adult Talking Book,24032.999999429998,6141.000000337,Others
236,Greenwich,Children's Talking Book,767.9999999406,949.999999994,Others
237,Greenwich,"Music, Videos and DVDs; Multi-media and Open Learning Packs; CD-ROMs and Software",35654.00000843,20879.999998564996,Others
238,Hackney,Adult Fiction,137576.00000472,91234.9999932,Others
239,Hackney,Adult Non-Fiction,116255.99999211,81087.00001044001,Others
240,Hackney,Children's Fiction,236422.0000131,77974.00000056,Others
241,Hackney,Children's Non-Fiction,38459.00000367,33408.999992970006,Others
242,Hackney,Adult Talking Book,12847.999999029002,9155.999999862,Others
243,Hackney,Children's Talking Book,1234.0000000374,1476.0000000297,Others
244,Hackney,"Music, Videos and DVDs; Multi-media and Open Learning Packs; CD-ROMs and Software",96067.99999587,51453.000000420005,Outlier
245,Halton,Adult Fiction,126651.0000024,72378.99999974,Others
246,Halton,Adult Non-Fiction,40400.99999966,29710.00000182,Others
247,Halton,Children's Fiction,73371.00000384,23776.9999992,Others
248,Halton,Children's Non-Fiction,12966.99999582,5219.999999754001,Others
249,Halton,Adult Talking Book,1479.9999999600002,1345.999999474,Others
250,Halton,Children's Talking Book,98.00000006380002,99.9999999938,Others
251,Hampshire,Adult Fiction,1841527.999395,367704.000027,Others
252,Hampshire,Adult Non-Fiction,784571.0000187501,388158.99997699994,Others
253,Hampshire,Children's Fiction,1984410.0006674998,417756.999989,Others
254,Hampshire,Children's Non-Fiction,282557.999976,94070.0000023,Others
255,Hampshire,Adult Talking Book,96405.99999415,42545.00000415,Others
256,Hampshire,Children's Talking Book,23513.000004550002,8289.9999993475,Others
257,Hampshire,"Music, Videos and DVDs; Multi-media and Open Learning Packs; CD-ROMs and Software",13213.99999962,13065.00000036,Others
258,Haringey,Adult Fiction,132748.00000318,44367.00000184,Comparitor authority
259,Haringey,Adult Non-Fiction,137555.00001062,74466.99999174001,Comparitor authority
260,Haringey,Children's Fiction,254536.99999588003,89603.99999674,Comparitor authority
261,Haringey,Children's Non-Fiction,36984.99999194001,28769.99998816,Comparitor authority
262,Haringey,Adult Talking Book,7104.9999988340005,2166.9999999814,Comparitor authority
263,Haringey,Children's Talking Book,2485.0000000844,2309.9999999120005,Comparitor authority
264,Haringey,"Music, Videos and DVDs; Multi-media and Open Learning Packs; CD-ROMs and Software",25691.000001298,34234.00000064001,Comparitor authority
265,Harrow,Adult Fiction,204549.00000447998,47104.00000832,Others
266,Harrow,Adult Non-Fiction,143336.99999168,81920.00000464,Others
267,Harrow,Children's Fiction,277590.99990560004,43810.999991519995,Others
268,Harrow,Children's Non-Fiction,60518.000001119995,20650.99999888,Others
269,Harrow,Adult Talking Book,6012.000000224,3505.0000005760003,Others
270,Harrow,Children's Talking Book,866.9999999951999,447.99999988799993,Others
271,Harrow,"Music, Videos and DVDs; Multi-media and Open Learning Packs; CD-ROMs and Software",7842.000000944,15751.000000576,Others
272,Havering,Adult Fiction,225457.00001264003,70228.00000084001,Others
273,Havering,Adult Non-Fiction,81478.00000428001,39309.99998816001,Others
274,Havering,Children's Fiction,305766.9999868001,62507.00000908001,Others
275,Havering,Children's Non-Fiction,43264.99999140001,17491.000001024,Others
276,Havering,Adult Talking Book,12285.999998844,7060.999999900001,Others
277,Havering,Children's Talking Book,622.0000000852,339.0000000552001,Others
278,Havering,"Music, Videos and DVDs; Multi-media and Open Learning Packs; CD-ROMs and Software",84.999999876,310.99999991280004,Others
279,Herefordshire,Adult Fiction,240270.0000104,61300.000001680004,Others
280,Herefordshire,Adult Non-Fiction,87282.00000392,47308.999998960004,Others
281,Herefordshire,Children's Fiction,105435.00000096002,44670.00000592,Others
282,Herefordshire,Children's Non-Fiction,12739.999999176,9535.999999448,Others
283,Herefordshire,Adult Talking Book,7738.999999272,3398.000000424,Others
284,Herefordshire,Children's Talking Book,261.000000032,343.999999972,Others
285,Herefordshire,"Music, Videos and DVDs; Multi-media and Open Learning Packs; CD-ROMs and Software",5804.000000032001,6171.999999464001,Others
286,Hertfordshire,Adult Fiction,1252455.0000105,327748.00000994996,Others
287,Hertfordshire,Adult Non-Fiction,668726.0000167501,273409.00003365,Others
288,Hertfordshire,Children's Fiction,1958559.0005085,273145.00002465,Others
289,Hertfordshire,Children's Non-Fiction,234679.99994789998,59577.00000564,Others
290,Hertfordshire,Adult Talking Book,62602.99999453501,22534.000003319998,Others
291,Hertfordshire,Children's Talking Book,18412.99999656,3246.9999999255,Others
292,Hertfordshire,"Music, Videos and DVDs; Multi-media and Open Learning Packs; CD-ROMs and Software",27204.999997109997,17029.999999155,Others
293,Hounslow,Adult Fiction,102592.0000119,53975.9999907,Others
294,Hounslow,Adult Non-Fiction,112112.00000595,44729.9999958,Others
295,Hounslow,Children's Fiction,191523.00000960001,58415.0000127,Others
296,Hounslow,Children's Non-Fiction,40829.99999145,17416.999999635,Others
297,Hounslow,Adult Talking Book,4128.999999795,8683.999998645,Others
298,Hounslow,Children's Talking Book,805.9999999035,823.0000000965,Others
299,Hounslow,"Music, Videos and DVDs; Multi-media and Open Learning Packs; CD-ROMs and Software",2232.999999894,10481.000001255,Others
300,Isle of Wight,Adult Fiction,227794.99995,58370.00000096001,Others
301,Isle of Wight,Adult Non-Fiction,59760.00000280001,57438.00000346,Others
302,Isle of Wight,Children's Fiction,102041.00000564002,27700.999998740004,Others
303,Isle of Wight,Children's Non-Fiction,18863.00000422,12849.000000360002,Others
304,Isle of Wight,Adult Talking Book,11376.999999452002,5354.999999764,Others
305,Isle of Wight,Children's Talking Book,1176.9999999758002,595.0000000368,Others
306,Isle of Wight,"Music, Videos and DVDs; Multi-media and Open Learning Packs; CD-ROMs and Software",4464.999999504,5568.999999476001,Others
307,Islington,Adult Fiction,176360.00001000002,56000.00001175,Others
308,Islington,Adult Non-Fiction,167607.0000005,47999.99999275,Others
309,Islington,Children's Fiction,233551.99999324998,66000.00001125,Others
310,Islington,Children's Non-Fiction,30068.0000055,10999.99999945,Others
311,Islington,Adult Talking Book,11617.0000002,5299.999999250001,Others
312,Islington,Children's Talking Book,2160.999999955,1499.9999999249999,Others
313,Islington,"Music, Videos and DVDs; Multi-media and Open Learning Packs; CD-ROMs and Software",58269.000004249996,29000.00000825,Outlier
314,Kensington & Chelsea,Adult Fiction,110500.00000284001,35361.99999969,Others
315,Kensington & Chelsea,Adult Non-Fiction,144960.00000461,58113.00000534,Others
316,Kensington & Chelsea,Children's Fiction,124074.99999572999,41197.999993569996,Others
317,Kensington & Chelsea,Children's Non-Fiction,19337.00000127,12135.999999402999,Others
318,Kensington & Chelsea,Adult Talking Book,5935.0000000479995,2110.00000043,Others
319,Kensington & Chelsea,Children's Talking Book,378.0000000504,338.00000007479997,Others
320,Kensington & Chelsea,"Music, Videos and DVDs; Multi-media and Open Learning Packs; CD-ROMs and Software",5695.999999585,6144.000000060999,Others
321,Kent,Adult Fiction,1614284.9992296,402008.99997168,Others
322,Kent,Adult Non-Fiction,636373.0000269599,286060.0000416,Others
323,Kent,Children's Fiction,1491837.99996984,390613.99995264,Others
324,Kent,Children's Non-Fiction,199429.00005888,101185.999997928,Others
325,Kent,Adult Talking Book,81686.99999327998,32233.999995336,Others
326,Kent,Children's Talking Book,12600.000000036,5779.9999996776,Others
327,Kent,"Music, Videos and DVDs; Multi-media and Open Learning Packs; CD-ROMs and Software",45736.00000596,37034.000002128,Others
328,Kingston-upon-Thames,Adult Fiction,138533.9999935,48044.99999325001,Others
329,Kingston-upon-Thames,Adult Non-Fiction,74685.0000035,33008.000003500005,Others
330,Kingston-upon-Thames,Children's Fiction,405153.999915,64964.000000500004,Outlier
331,Kingston-upon-Thames,Children's Non-Fiction,57924.000006,21068.999991250002,Others
332,Kingston-upon-Thames,Adult Talking Book,4257.999999225,5304.9999993500005,Others
333,Kingston-upon-Thames,Children's Talking Book,4888.000000175,1464.0000000100001,Others
334,Kingston-upon-Thames,"Music, Videos and DVDs; Multi-media and Open Learning Packs; CD-ROMs and Software",6067.999999475,7367.999999125,Others
335,Lancashire,Adult Fiction,1731174.9999276,338523.0000171,Others
336,Lancashire,Adult Non-Fiction,623002.00000098,237930.00006065998,Others
337,Lancashire,Children's Fiction,1038627.9999595799,215746.00001825998,Others
338,Lancashire,Children's Non-Fiction,166285.99996842002,50344.999994694,Others
339,Lancashire,Adult Talking Book,62206.000005851995,24769.999999271997,Others
340,Lancashire,Children's Talking Book,3800.0000006004,2581.9999996901997,Others
341,Lancashire,"Music, Videos and DVDs; Multi-media and Open Learning Packs; CD-ROMs and Software",78289.999995222,28461.000003893998,Others
342,Leicester,Adult Fiction,136699.99999655999,118751.00000455999,Others
343,Leicester,Adult Non-Fiction,105534.00001452,149561.00001303997,Others
344,Leicester,Children's Fiction,303773.00001356,202539.00000641998,Others
345,Leicester,Children's Non-Fiction,41792.00001746,46666.0000037,Others
346,Leicester,Adult Talking Book,6542.000000536,10718.000000092,Others
347,Leicester,Children's Talking Book,1079.000000155,343.999999882,Others
348,Leicester,"Music, Videos and DVDs; Multi-media and Open Learning Packs; CD-ROMs and Software",8213.999998973999,22952.000000776,Others
349,Leicestershire,Adult Fiction,593704.99997292,182436.00002628003,Others
350,Leicestershire,Adult Non-Fiction,147993.00000078,84642.99998220001,Others
351,Leicestershire,Children's Fiction,688328.99997312,194347.99999164,Others
352,Leicestershire,Children's Non-Fiction,87843.00001686001,42239.999998482,Others
353,Leicestershire,Adult Talking Book,24767.999998500003,13368.999998112002,Others
354,Leicestershire,Children's Talking Book,6504.9999996828,2812.9999996824004,Others
355,Leicestershire,"Music, Videos and DVDs; Multi-media and Open Learning Packs; CD-ROMs and Software",12466.000002654,10014.000002490002,Others
356,Lewisham,Adult Fiction,109233.99998500002,75195.0000109,Others
357,Lewisham,Adult Non-Fiction,73339.99999436,56637.99999176,Others
358,Lewisham,Children's Fiction,275298.00000846,85683.00001228,Others
359,Lewisham,Children's Non-Fiction,58540.00000046,28884.999998932002,Others
360,Lewisham,Adult Talking Book,8348.999998966001,3649.9999997560003,Others
361,Lewisham,Children's Talking Book,979.0000000242001,887.9999999398001,Others
362,Lewisham,"Music, Videos and DVDs; Multi-media and Open Learning Packs; CD-ROMs and Software",2112.9999998998,6082.999999714,Others
363,Lincolnshire,Adult Fiction,997791.0002280001,199564.99999744003,Others
364,Lincolnshire,Adult Non-Fiction,293790.00003364,129188.99997344,Others
365,Lincolnshire,Children's Fiction,434696.99996448,128988.00001340001,Others
366,Lincolnshire,Children's Non-Fiction,63653.99999657601,30527.999996251998,Others
367,Lincolnshire,Adult Talking Book,59669.00000296401,13332.999998296,Others
368,Lincolnshire,Children's Talking Book,5334.999999824,2803.9999999396,Others
369,Lincolnshire,"Music, Videos and DVDs; Multi-media and Open Learning Packs; CD-ROMs and Software",25003.999996624003,18815.999999940002,Others
370,Liverpool,Adult Fiction,350878.00000560004,142241.999988,Others
371,Liverpool,Adult Non-Fiction,150147.999984,159029.00001720001,Others
372,Liverpool,Children's Fiction,148827.00000479998,42860.999999880005,Others
373,Liverpool,Children's Non-Fiction,25753.00000218,29211.000001980003,Others
374,Liverpool,Adult Talking Book,89225.00001660001,13935.99999852,Outlier
375,Liverpool,Children's Talking Book,32003.999999519998,2382.999999876,Outlier
376,Liverpool,"Music, Videos and DVDs; Multi-media and Open Learning Packs; CD-ROMs and Software",7733.0000001,11571.00000048,Others
377,Luton,Adult Fiction,130837.00001032,46044.99999115,Others
378,Luton,Adult Non-Fiction,61998.000004090005,22943.99999696,Others
379,Luton,Children's Fiction,168133.00000734,32781.99999848,Others
380,Luton,Children's Non-Fiction,36616.99999977,15150.999999861999,Others
381,Luton,Adult Talking Book,14232.999999091999,6782.99999977,Others
382,Luton,Children's Talking Book,1035.9999999409,673.9999999849999,Others
383,Luton,"Music, Videos and DVDs; Multi-media and Open Learning Packs; CD-ROMs and Software",1709.0000000467,1393.0000000746,Others
384,Manchester,Adult Fiction,281546.99998907995,211456.00001681998,Others
385,Manchester,Adult Non-Fiction,264019.000017,277153.00002032996,Others
386,Manchester,Children's Fiction,371766.99999456,205329.99999404998,Others
387,Manchester,Children's Non-Fiction,58570.99999437,58526.00001627,Others
388,Manchester,Adult Talking Book,21058.999998981,13974.999998889,Others
389,Manchester,Children's Talking Book,2103.0000001422,5341.9999998396,Others
390,Manchester,"Music, Videos and DVDs; Multi-media and Open Learning Packs; CD-ROMs and Software",12194.000000661,36261.999998604,Others
391,Medway,Adult Fiction,237450.00000358,60043.999988840005,Others
392,Medway,Adult Non-Fiction,75047.00000098,35682.000011280004,Others
393,Medway,Children's Fiction,392482.00004300004,94645.99999582,Others
394,Medway,Children's Non-Fiction,121726.00000974,23291.99999987,Outlier
395,Medway,Adult Talking Book,6713.999999336001,3265.000000024,Others
396,Medway,Children's Talking Book,1125.9999999430001,664.9999998978,Others
397,Medway,"Music, Videos and DVDs; Multi-media and Open Learning Packs; CD-ROMs and Software",8218.000000784,3966.9999986400003,Others
398,Merton,Adult Fiction,125357.00000565,44168.00000935,Others
399,Merton,Adult Non-Fiction,122445.00000880001,59225.999998549996,Others
400,Merton,Children's Fiction,298465.000085,51947.9999899,Others
401,Merton,Children's Non-Fiction,47112.00001025,21344.999993100002,Others
402,Merton,Adult Talking Book,3028.999999655,2619.00000068,Others
403,Merton,Children's Talking Book,1141.0000000385,541.0000000929999,Others
404,Merton,"Music, Videos and DVDs; Multi-media and Open Learning Packs; CD-ROMs and Software",1515.999999927,2166.00000078,Others
405,Newcastle upon Tyne,Adult Fiction,140779.00000844,65105.999987999996,Others
406,Newcastle upon Tyne,Adult Non-Fiction,100255.00000623999,94948.99999696,Others
407,Newcastle upon Tyne,Children's Fiction,81412.00000248,36901.000000680004,Others
408,Newcastle upon Tyne,Children's Non-Fiction,7994.999999788,8243.000000676,Others
409,Newcastle upon Tyne,Adult Talking Book,8151.000001128001,5015.000001132,Others
410,Newcastle upon Tyne,Children's Talking Book,25.000000094400004,138.9999999556,Others
411,Newcastle upon Tyne,"Music, Videos and DVDs; Multi-media and Open Learning Packs; CD-ROMs and Software",11292.000001264001,4521.9999994400005,Others
412,Newham,Adult Fiction,124997.99998752002,75344.00000853001,Others
413,Newham,Adult Non-Fiction,103264.0000161,47756.99999532,Others
414,Newham,Children's Fiction,373454.99998290004,80099.99998704,Others
415,Newham,Children's Non-Fiction,49861.00001652,17926.999999062,Others
416,Newham,Adult Talking Book,2410.9999998744,1902.0000000771,Others
417,Newham,Children's Talking Book,163.00000006620002,153.0000000903,Others
418,Newham,"Music, Videos and DVDs; Multi-media and Open Learning Packs; CD-ROMs and Software",8229.999998880001,5036.999998701001,Others
419,Norfolk,Adult Fiction,1611646.0001537998,253207.99998174,Others
420,Norfolk,Adult Non-Fiction,715218.0000417599,226381.000038,Others
421,Norfolk,Children's Fiction,1314229.0001309998,225101.00004083998,Others
422,Norfolk,Children's Non-Fiction,237441.99999204002,59521.999996446,Others
423,Norfolk,Adult Talking Book,60556.999997412,18871.000001676,Others
424,Norfolk,Children's Talking Book,33279.000002616,6422.0000004462,Outlier
425,Norfolk,"Music, Videos and DVDs; Multi-media and Open Learning Packs; CD-ROMs and Software",78854.00000177999,35612.00000439,Others
426,North East Lincolnshire,Adult Fiction,140044.00000332,56818.999995239996,Others
427,North East Lincolnshire,Adult Non-Fiction,31218.000006479997,35841.00000432,Others
428,North East Lincolnshire,Children's Fiction,38333.00000628,17501.0000046,Others
429,North East Lincolnshire,Children's Non-Fiction,7270.00000062,6807.000000024001,Others
430,North East Lincolnshire,Adult Talking Book,9707.000000796,6871.999999956,Others
431,North East Lincolnshire,Children's Talking Book,381.99999995639996,803.0000000316,Others
432,North East Lincolnshire,"Music, Videos and DVDs; Multi-media and Open Learning Packs; CD-ROMs and Software",1829.0000000999999,6181.0000007280005,Others
433,North Somerset,Adult Fiction,269999.00010269997,44435.00000907,Others
434,North Somerset,Adult Non-Fiction,106086.99999573,35041.00000203,Others
435,North Somerset,Children's Fiction,230695.9999461,36716.00000661,Others
436,North Somerset,Children's Non-Fiction,33633.99999216,10695.999999447,Others
437,North Somerset,Adult Talking Book,13208.999999814,4194.000000045,Others
438,North Somerset,Children's Talking Book,5265.000000495,1716.9999999498,Others
439,North Somerset,"Music, Videos and DVDs; Multi-media and Open Learning Packs; CD-ROMs and Software",7657.000000055999,4960.000000880999,Others
440,North Tyneside,Adult Fiction,253812.00003390003,78291.00000414,Others
441,North Tyneside,Adult Non-Fiction,73102.99999463999,76793.00000526001,Others
442,North Tyneside,Children's Fiction,108330.00000669,78330.00000672,Others
443,North Tyneside,Children's Non-Fiction,35455.999990950004,49307.00000688,Others
444,North Tyneside,Adult Talking Book,10833.999999669,5646.999999564,Others
445,North Tyneside,"Music, Videos and DVDs; Multi-media and Open Learning Packs; CD-ROMs and Software",8553.000000006,6334.000000713,Others
446,North Yorkshire,Adult Fiction,929749.9999459,186701.00001896,Others
447,North Yorkshire,Adult Non-Fiction,293600.99999125005,97974.99997137999,Others
448,North Yorkshire,Children's Fiction,552955.9999994801,125350.00002819001,Others
449,North Yorkshire,Children's Non-Fiction,78911.9999822,27311.999997975,Others
450,North Yorkshire,Adult Talking Book,53363.999999821,16401.000002254,Others
451,North Yorkshire,Children's Talking Book,4420.0000001269,1664.9999998737,Others
452,North Yorkshire,"Music, Videos and DVDs; Multi-media and Open Learning Packs; CD-ROMs and Software",26155.999999682,11209.999998771,Others
453,Northamptonshire,Adult Fiction,521455.00000626,165038.99996691,Others
454,Northamptonshire,Adult Non-Fiction,176173.00003224,145605.00001112997,Others
455,Northamptonshire,Children's Fiction,536332.9999798799,167976.99998649,Others
456,Northamptonshire,Children's Non-Fiction,82984.00001778,52400.000002599,Others
457,Northamptonshire,Adult Talking Book,14842.99999836,16843.000003002,Others
458,Northamptonshire,Children's Talking Book,983.9999999636999,1567.0000000287,Others
459,Northamptonshire,"Music, Videos and DVDs; Multi-media and Open Learning Packs; CD-ROMs and Software",3760.0000002899997,16921.999997739,Others
460,Nottingham,Adult Fiction,174929.9999835,99487.00001476,Others
461,Nottingham,Adult Non-Fiction,133915.99998738,239436.99999142,Others
462,Nottingham,Children's Fiction,205434.99999625998,79695.00000679,Others
463,Nottingham,Children's Non-Fiction,30953.000001335997,21197.999998748997,Others
464,Nottingham,Adult Talking Book,10723.000001205999,6874.99999946,Others
465,Nottingham,Children's Talking Book,1775.9999999864,1558.9999998606,Others
466,Nottingham,"Music, Videos and DVDs; Multi-media and Open Learning Packs; CD-ROMs and Software",4237.000000149,15212.000001587,Others
467,Nottinghamshire,Adult Fiction,1035097.9996258002,278954.99997684004,Others
468,Nottinghamshire,Adult Non-Fiction,408303.99998928,198550.00003652,Others
469,Nottinghamshire,Children's Fiction,853032.0001072,222310.99997970002,Others
470,Nottinghamshire,Children's Non-Fiction,146227.00003354,69046.000000582,Others
471,Nottinghamshire,Adult Talking Book,61376.99999909801,18202.999998356,Others
472,Nottinghamshire,Children's Talking Book,10821.000002284001,4921.999999967,Others
473,Nottinghamshire,"Music, Videos and DVDs; Multi-media and Open Learning Packs; CD-ROMs and Software",11248.999997600002,12906.99999718,Others
474,Oldham,Adult Fiction,169796.99999248,85463.9999984,Others
475,Oldham,Adult Non-Fiction,68277.00000275,58654.0000092,Others
476,Oldham,Children's Fiction,123700.99998955001,58810.00000162,Others
477,Oldham,Children's Non-Fiction,22923.999999525997,17521.000001064,Others
478,Oldham,Adult Talking Book,6374.000000585999,4420.000000204,Others
479,Oldham,Children's Talking Book,300.0000000868,455.000000021,Others
480,Oldham,"Music, Videos and DVDs; Multi-media and Open Learning Packs; CD-ROMs and Software",813.000000074,2181.9999999548,Others
481,Oxfordshire,Adult Fiction,784314.9999584,182144.00001108,Others
482,Oxfordshire,Adult Non-Fiction,462397.00001722004,268113.99999645003,Others
483,Oxfordshire,Children's Fiction,929342.0000246001,190570.0000038,Others
484,Oxfordshire,Children's Non-Fiction,176297.00000986003,53092.999999907006,Others
485,Oxfordshire,Adult Talking Book,16897.000002261,10703.999998979001,Others
486,Oxfordshire,Children's Talking Book,3849.9999997023006,2578.0000001183002,Others
487,Oxfordshire,"Music, Videos and DVDs; Multi-media and Open Learning Packs; CD-ROMs and Software",30355.000002819004,24271.999999153,Others
488,Peterborough,Adult Fiction,149257.99999131,105573.00000870001,Others
489,Peterborough,Adult Non-Fiction,45860.000009460004,45265.00000351,Others
490,Peterborough,Children's Fiction,151801.00000331,79745.00000712,Others
491,Peterborough,Children's Non-Fiction,22414.99999907,13247.999999472002,Others
492,Peterborough,Adult Talking Book,9303.000000091,6483.000000995001,Others
493,Peterborough,Children's Talking Book,643.000000055,723.9999999946001,Others
494,Peterborough,"Music, Videos and DVDs; Multi-media and Open Learning Packs; CD-ROMs and Software",3035.9999998790004,4862.000000935001,Others
495,Plymouth,Adult Fiction,240104.99999322003,64993.99999897001,Others
496,Plymouth,Adult Non-Fiction,92513.9999908,58235.999995980004,Others
497,Plymouth,Children's Fiction,227764.99999115002,63376.99999687,Others
498,Plymouth,Children's Non-Fiction,34256.999992410005,18149.999999608,Others
499,Plymouth,Adult Talking Book,13746.000000424001,3207.000000727,Others
500,Plymouth,Children's Talking Book,1022.0000000406001,648.0000000042,Others
501,Plymouth,"Music, Videos and DVDs; Multi-media and Open Learning Packs; CD-ROMs and Software",1163.0000001216001,1258.0000000033,Others
502,Portsmouth,Adult Fiction,151085.00000657,69769.00000945,Others
503,Portsmouth,Adult Non-Fiction,62744.999999429994,80946.00000522,Others
504,Portsmouth,Children's Fiction,134632.99999037,79929.00000309,Others
505,Portsmouth,Children's Non-Fiction,18685.999999877,20014.999998952,Others
506,Portsmouth,Adult Talking Book,10830.999999337,4676.999999602,Others
507,Portsmouth,Children's Talking Book,1036.0000000994,1255.0000000503,Others
508,Portsmouth,"Music, Videos and DVDs; Multi-media and Open Learning Packs; CD-ROMs and Software",3038.000000518,12938.999999828,Others
509,Reading,Adult Fiction,128643.99999898001,56652.999999440006,Others
510,Reading,Adult Non-Fiction,89722.99999974,66218.99999938,Others
511,Reading,Children's Fiction,164109.999993,47151.99999440001,Others
512,Reading,Children's Non-Fiction,25046.0000001,9625.999999464002,Others
513,Reading,Adult Talking Book,3688.9999998040003,5887.000000596,Others
514,Reading,Children's Talking Book,1380.0000000544003,609.0000000226,Others
515,Reading,"Music, Videos and DVDs; Multi-media and Open Learning Packs; CD-ROMs and Software",1818.999999538,4731.999999242001,Others
516,Redbridge,Adult Fiction,249211.99998547998,95069.00000975998,Comparitor authority
517,Redbridge,Adult Non-Fiction,193507.99998544,101203.9999978,Comparitor authority
518,Redbridge,Children's Fiction,668065.9999607999,82986.99999855999,Outlier
519,Redbridge,Children's Non-Fiction,129182.00000187999,25606.000000364,Outlier
520,Redbridge,Adult Talking Book,4302.000000843999,3786.9999997759996,Comparitor authority
521,Redbridge,Children's Talking Book,363.99999986,652.0000000276,Comparitor authority
522,Redbridge,"Music, Videos and DVDs; Multi-media and Open Learning Packs; CD-ROMs and Software",3672.999998864,10512.999998647998,Comparitor authority
523,Richmond-upon-Thames,Adult Fiction,276968.000034,51124.9999986,Others
524,Richmond-upon-Thames,Adult Non-Fiction,217592.99991,69435.0000036,Outlier
525,Richmond-upon-Thames,Children's Fiction,473176.999944,83510.0000064,Outlier
526,Richmond-upon-Thames,Children's Non-Fiction,70741.0000044,22221.9999936,Others
527,Richmond-upon-Thames,Adult Talking Book,12311.99999964,3716.00000046,Others
528,Richmond-upon-Thames,Children's Talking Book,5542.00000002,1983.00000096,Others
529,Richmond-upon-Thames,"Music, Videos and DVDs; Multi-media and Open Learning Packs; CD-ROMs and Software",18322.00000092,20528.0000046,Others
530,Rochdale,Adult Fiction,138655.99999776002,70204.9999936,Others
531,Rochdale,Adult Non-Fiction,79587.99999328,52831.99999232,Others
532,Rochdale,Children's Fiction,124798.99999247999,55981.000000800006,Others
533,Rochdale,Children's Non-Fiction,15050.000000144,14813.000000592001,Others
534,Rochdale,Adult Talking Book,12074.000001040002,4611.999999568,Others
535,Rochdale,Children's Talking Book,159.0000000992,75.0000000384,Others
536,Rochdale,"Music, Videos and DVDs; Multi-media and Open Learning Packs; CD-ROMs and Software",1328.9999998976,110.9999999056,Others
537,Rotherham,Adult Fiction,225985.99999595995,158072.99999943998,Others
538,Rotherham,Adult Non-Fiction,54646.99999915999,52154.99999991999,Others
539,Rotherham,Children's Fiction,124619.00000107998,47789.00001122,Others
540,Rotherham,Children's Non-Fiction,17437.999998681997,16062.999998849999,Others
541,Rotherham,Adult Talking Book,12885.000000683998,12302.999998739999,Others
542,Rotherham,Children's Talking Book,551.0000000619999,1024.9999999954,Others
543,Rotherham,"Music, Videos and DVDs; Multi-media and Open Learning Packs; CD-ROMs and Software",1601.0000001025999,10316.999999055999,Others
544,Rutland,Adult Fiction,69596.9999886,13765.999998869998,Others
545,Rutland,Adult Non-Fiction,21159.00000081,8815.00000017,Others
546,Rutland,Children's Fiction,48530.0000073,16062.999998639998,Others
547,Rutland,Children's Non-Fiction,8848.0000014,5206.99999869,Others
548,Rutland,Adult Talking Book,5976.0000003899995,1221.000000024,Outlier
549,Rutland,Children's Talking Book,1201.999999872,474.99999981,Others
550,Rutland,"Music, Videos and DVDs; Multi-media and Open Learning Packs; CD-ROMs and Software",2571.000000177,1639.999999911,Others
551,Salford,Adult Fiction,173265.99999808,68100.0000104,Others
552,Salford,Adult Non-Fiction,54908.00000628,28913.0000006,Others
553,Salford,Children's Fiction,185825.99999844,69865.99999388,Others
554,Salford,Children's Non-Fiction,21869.999999304004,12564.000000220001,Others
555,Salford,Adult Talking Book,29089.999997640003,9646.000000124,Others
556,Salford,Children's Talking Book,516.000000056,393.00000009080003,Others
557,Salford,"Music, Videos and DVDs; Multi-media and Open Learning Packs; CD-ROMs and Software",195.0000000332,116.9999999164,Others
558,Sandwell,Adult Fiction,279994.9999923,132646.00000725,Others
559,Sandwell,Adult Non-Fiction,95417.9999919,74280.9999996,Others
560,Sandwell,Children's Fiction,308909.00001195,114308.00000010002,Others
561,Sandwell,Children's Non-Fiction,57469.99998375,30771.000001080003,Others
562,Sandwell,Adult Talking Book,17890.999998479998,9789.00000066,Others
563,Sandwell,Children's Talking Book,2.99999997,1.99999998,Others
564,Sefton,Adult Fiction,339910.99990199995,64522.999999479995,Others
565,Sefton,Adult Non-Fiction,111582.00000072,43550.000009639996,Others
566,Sefton,Children's Fiction,108289.00000315999,23687.999999612,Others
567,Sefton,Children's Non-Fiction,21948.999998943997,7638.000001308,Others
568,Sefton,Adult Talking Book,25880.000000755997,5605.000001227999,Others
569,Sefton,Children's Talking Book,1454.0000001324,712.9999999559999,Others
570,Sefton,"Music, Videos and DVDs; Multi-media and Open Learning Packs; CD-ROMs and Software",10339.000000051998,4589.999999111999,Others
571,Sheffield,Adult Fiction,352701.00001639,164337.00000578997,Others
572,Sheffield,Adult Non-Fiction,167542.99997591,125436.00001978,Others
573,Sheffield,Children's Fiction,298340.99997279,142464.0000009,Others
574,Sheffield,Children's Non-Fiction,43966.000002614,55158.99999806,Others
575,Sheffield,Adult Talking Book,17907.000001567,8030.999999327,Others
576,Sheffield,Children's Talking Book,2192.0000001179,2600.9999997697996,Others
577,Sheffield,"Music, Videos and DVDs; Multi-media and Open Learning Packs; CD-ROMs and Software",13378.999997195,23305.000000465,Others
578,Shropshire,Adult Fiction,390537.00001530006,96141.00000996,Others
579,Shropshire,Adult Non-Fiction,131038.99999236001,91337.99999688,Others
580,Shropshire,Children's Fiction,177358.00000221003,72903.0000006,Others
581,Shropshire,Children's Non-Fiction,25922.000000106,22007.000001222004,Others
582,Shropshire,Adult Talking Book,13166.000000172,5234.000001210001,Others
583,Shropshire,Children's Talking Book,2381.0000000661003,1786.9999998789003,Others
584,Shropshire,"Music, Videos and DVDs; Multi-media and Open Learning Packs; CD-ROMs and Software",7424.999999109001,9640.00000071,Others
585,Slough,Adult Fiction,71250.0000056,31684.0000048,Others
586,Slough,Adult Non-Fiction,59069.00000105,26123.99999755,Others
587,Slough,Children's Fiction,269330.000069,61556.0000003,Others
588,Slough,Children's Non-Fiction,51896.999993150006,17134.9999977,Others
589,Slough,Adult Talking Book,2386.99999941,3254.999999875,Others
590,Slough,Children's Talking Book,227.999999994,326.0000000465,Others
591,Slough,"Music, Videos and DVDs; Multi-media and Open Learning Packs; CD-ROMs and Software",237.0000000095,297.000000063,Others
592,Solihull,Adult Fiction,168044.00000484,73293.00000024,Others
593,Solihull,Adult Non-Fiction,57150.99999076001,45548.000000600005,Others
594,Solihull,Children's Fiction,166264.00000872,50693.00000136,Others
595,Solihull,Children's Non-Fiction,20539.999999480002,20926.99999984,Others
596,Solihull,Adult Talking Book,6587.00000034,8905.999999528001,Others
597,Solihull,Children's Talking Book,1852.9999999120002,1697.0000000940001,Others
598,Solihull,"Music, Videos and DVDs; Multi-media and Open Learning Packs; CD-ROMs and Software",204.9999999592,2494.000000156,Others
599,Somerset,Adult Fiction,766633.9997898,148550.0000253,Others
600,Somerset,Adult Non-Fiction,323388.00002748,178538.00000334,Others
601,Somerset,Children's Fiction,622980.9998562001,116805.99999912,Others
602,Somerset,Children's Non-Fiction,77822.99999562,22571.999999844,Others
603,Somerset,Adult Talking Book,29947.000002612003,12046.999997304001,Others
604,Somerset,Children's Talking Book,6292.000000362001,1868.000000145,Others
605,Somerset,"Music, Videos and DVDs; Multi-media and Open Learning Packs; CD-ROMs and Software",18585.999998412,10650.0000003,Others
606,South Gloucestershire,Adult Fiction,316695.99994720006,58510.999985890005,Others
607,South Gloucestershire,Adult Non-Fiction,121906.00000392001,37119.99998598001,Others
608,South Gloucestershire,Children's Fiction,373432.99999380007,55018.999991000004,Others
609,South Gloucestershire,Children's Non-Fiction,50737.00001286,11060.999998936,Others
610,South Gloucestershire,Adult Talking Book,12827.000000865,5608.000001163,Others
611,South Gloucestershire,Children's Talking Book,6989.999999108,2509.9999999546003,Others
612,South Gloucestershire,"Music, Videos and DVDs; Multi-media and Open Learning Packs; CD-ROMs and Software",15557.99999962,10651.000001097002,Others
613,South Tyneside,Adult Fiction,170238.000074,65594.9999985,Others
614,South Tyneside,Adult Non-Fiction,45763.0000052,50761.9999954,Others
615,South Tyneside,Children's Fiction,82463.0000028,77463.0,Others
616,South Tyneside,Children's Non-Fiction,13748.000000619999,21918.000002900004,Others
617,South Tyneside,Adult Talking Book,6898.000000710001,3970.00000023,Others
618,South Tyneside,Children's Talking Book,738.9999999849999,550.000000006,Others
619,Southampton,Adult Fiction,313536.0000825,70761.00001049999,Others
620,Southampton,Adult Non-Fiction,158040.00000024997,65685.00000975,Others
621,Southampton,Children's Fiction,293266.99991250003,48992.000006999995,Others
622,Southampton,Children's Non-Fiction,39446.0000055,11482.000000824999,Others
623,Southampton,Adult Talking Book,14610.999998824998,5578.000000274999,Others
624,Southampton,Children's Talking Book,2849.0000007999997,1183.0000000375,Others
625,Southampton,"Music, Videos and DVDs; Multi-media and Open Learning Packs; CD-ROMs and Software",5768.0000009,5695.9999996,Others
626,Southend-on-Sea,Adult Fiction,179272.00000196,57649.999991929995,Others
627,Southend-on-Sea,Adult Non-Fiction,72472.99999581999,90172.00000149,Others
628,Southend-on-Sea,Children's Fiction,133171.99999212,40046.99999373,Others
629,Southend-on-Sea,Children's Non-Fiction,16784.999999321,18198.00000044,Others
630,Southend-on-Sea,Adult Talking Book,7297.999999579,4807.000000864,Others
631,Southend-on-Sea,Children's Talking Book,631.9999999236001,539.0000000797,Others
632,Southend-on-Sea,"Music, Videos and DVDs; Multi-media and Open Learning Packs; CD-ROMs and Software",2215.999999403,4168.99999997,Others
633,Southwark,Adult Fiction,323048.0001172,92790.99999688001,Comparitor authority
634,Southwark,Adult Non-Fiction,352761.99991199997,84447.00000004002,Outlier
635,Southwark,Children's Fiction,451572.0001452,91319.99998672,Comparitor authority
636,Southwark,Children's Non-Fiction,75654.99999096,24168.999999704003,Comparitor authority
637,Southwark,Adult Talking Book,12443.000001264001,8241.000001512,Comparitor authority
638,Southwark,Children's Talking Book,2565.0000000744,724.9999999912001,Comparitor authority
639,Southwark,"Music, Videos and DVDs; Multi-media and Open Learning Packs; CD-ROMs and Software",34196.99998460001,27569.000000828,Comparitor authority
640,Staffordshire,Adult Fiction,856318.99999704,259069.00000464002,Others
641,Staffordshire,Adult Non-Fiction,224498.00001756,145958.99997347998,Others
642,Staffordshire,Children's Fiction,594850.9999748401,270981.99999816,Others
643,Staffordshire,Children's Non-Fiction,77569.999998144,60238.000003379995,Others
644,Staffordshire,Adult Talking Book,33588.999998496,17748.999997512,Others
645,Staffordshire,Children's Talking Book,8713.9999998372,6656.9999999904,Others
646,Staffordshire,"Music, Videos and DVDs; Multi-media and Open Learning Packs; CD-ROMs and Software",12443.000000472,12994.99999968,Others
647,Stockport,Adult Fiction,358975.99995659996,74235.99998987999,Others
648,Stockport,Adult Non-Fiction,128348.99999118,50045.99998913999,Others
649,Stockport,Children's Fiction,255065.00001299995,49378.00001346,Others
650,Stockport,Children's Non-Fiction,39500.99998812,15647.000000867998,Others
651,Stockport,Adult Talking Book,10650.999998988,7767.000000575999,Others
652,Stockport,Children's Talking Book,263.00000007899996,496.00000008539996,Others
653,Stockport,"Music, Videos and DVDs; Multi-media and Open Learning Packs; CD-ROMs and Software",6618.000000347999,1553.9999998877997,Others
654,Stockton-on-Tees,Adult Fiction,264219.00001310004,80049.99999924,Others
655,Stockton-on-Tees,Adult Non-Fiction,62884.99999088001,38174.99999615,Others
656,Stockton-on-Tees,Children's Fiction,116702.99999582,34354.99999837,Others
657,Stockton-on-Tees,Children's Non-Fiction,14593.999999421001,9752.999999342,Others
658,Stockton-on-Tees,Adult Talking Book,16795.99999904,6456.999999708,Others
659,Stockton-on-Tees,Children's Talking Book,419.0000000447001,595.0000000922,Others
660,Stockton-on-Tees,"Music, Videos and DVDs; Multi-media and Open Learning Packs; CD-ROMs and Software",255.99999992560004,437.00000005180004,Others
661,Stoke-on-Trent,Adult Fiction,172507.00000808,73298.99999963999,Others
662,Stoke-on-Trent,Adult Non-Fiction,90352.00000619999,67255.00000007999,Others
663,Stoke-on-Trent,Children's Fiction,146362.9999894,49942.999994959995,Others
664,Stoke-on-Trent,Children's Non-Fiction,13822.000000447997,9430.000000295999,Others
665,Stoke-on-Trent,Adult Talking Book,13181.000000447997,6070.000000543999,Others
666,Stoke-on-Trent,Children's Talking Book,1519.9999998756,516.9999999419999,Others
667,Stoke-on-Trent,"Music, Videos and DVDs; Multi-media and Open Learning Packs; CD-ROMs and Software",5346.000000164,12057.999999168,Others
668,Suffolk,Adult Fiction,1033126.0000884,215241.00003755998,Others
669,Suffolk,Adult Non-Fiction,380209.99996404,139767.99999048,Others
670,Suffolk,Children's Fiction,842214.9998069999,204917.99997797998,Others
671,Suffolk,Children's Non-Fiction,133922.99997486,53671.999999788,Others
672,Suffolk,Adult Talking Book,42899.999999868,11009.000003328,Others
673,Suffolk,Children's Talking Book,6827.999999733,1708.0000000415998,Others
674,Suffolk,"Music, Videos and DVDs; Multi-media and Open Learning Packs; CD-ROMs and Software",39905.000001809996,34168.000000176,Others
675,Surrey,Adult Fiction,1722056.9998386,306089.0000235,Others
676,Surrey,Adult Non-Fiction,798688.99996832,310350.99997616,Others
677,Surrey,Children's Fiction,1813301.9994486,213763.99999922002,Others
678,Surrey,Children's Non-Fiction,297830.99994952,49579.000002766006,Others
679,Surrey,Adult Talking Book,26825.000004988004,16547.000005896,Others
680,Surrey,Children's Talking Book,21455.000005218,5609.000000183,Others
681,Surrey,"Music, Videos and DVDs; Multi-media and Open Learning Packs; CD-ROMs and Software",26224.999996794002,35491.999998168,Others
682,Sutton,Adult Fiction,144481.99999969002,47611.00000446,Others
683,Sutton,Adult Non-Fiction,100029.99999968,44114.999996590006,Others
684,Sutton,Children's Fiction,318114.0000796,44472.00000107,Others
685,Sutton,Children's Non-Fiction,66627.00000969,16562.999999001,Others
686,Sutton,Adult Talking Book,2744.999999012,3089.00000074,Others
687,Sutton,Children's Talking Book,45.9999999624,94.00000003080001,Others
688,Sutton,"Music, Videos and DVDs; Multi-media and Open Learning Packs; CD-ROMs and Software",461.99999993630007,154.999999963,Others
689,Swindon,Adult Fiction,195448.00000087998,42521.999996959996,Others
690,Swindon,Adult Non-Fiction,83940.99999384,34946.00000606,Others
691,Swindon,Children's Fiction,219368.0000061,37867.00001018,Others
692,Swindon,Children's Non-Fiction,33563.99999766,9858.999999177999,Others
693,Swindon,Adult Talking Book,9329.000000033999,1601.9999999784,Others
694,Swindon,Children's Talking Book,2453.9999999019997,991.000000089,Others
695,Swindon,"Music, Videos and DVDs; Multi-media and Open Learning Packs; CD-ROMs and Software",3273.0000005999996,308.0000000308,Others
696,Tameside,Adult Fiction,209645.00000849998,68728.0000029,Others
697,Tameside,Adult Non-Fiction,68656.9999992,34253.000007149996,Others
698,Tameside,Children's Fiction,159437.0000022,41240.0000028,Others
699,Tameside,Children's Non-Fiction,22621.999999785,9206.99999943,Others
700,Tameside,Adult Talking Book,7035.000000225,7219.999999785,Others
701,Tameside,Children's Talking Book,145.99999989149998,297.9999999585,Others
702,Tameside,"Music, Videos and DVDs; Multi-media and Open Learning Packs; CD-ROMs and Software",651.999999894,1015.999999971,Others
703,Telford & Wrekin,Adult Fiction,111963.99999778,39360.99999657,Others
704,Telford & Wrekin,Adult Non-Fiction,28488.99999799,29676.00000498,Others
705,Telford & Wrekin,Children's Fiction,88620.99999375001,50342.00000193,Others
706,Telford & Wrekin,Children's Non-Fiction,13067.000000089,14941.000000661,Others
707,Telford & Wrekin,Adult Talking Book,6535.999999284001,3844.999999701,Others
708,Telford & Wrekin,Children's Talking Book,1033.9999999224,1044.9999999943,Others
709,Telford & Wrekin,"Music, Videos and DVDs; Multi-media and Open Learning Packs; CD-ROMs and Software",53.999999944100004,118.9999999601,Others
710,Thurrock,Adult Fiction,116988.00000468,50913.00000297,Others
711,Thurrock,Adult Non-Fiction,35939.999995620004,36995.00000280001,Others
712,Thurrock,Children's Fiction,150041.00000778,60523.99999443001,Others
713,Thurrock,Children's Non-Fiction,14573.999999769003,13787.999999277,Others
714,Thurrock,Adult Talking Book,6664.999999728,4128.999999684001,Others
715,Thurrock,Children's Talking Book,272.99999995800005,318.9999999522,Others
716,Thurrock,"Music, Videos and DVDs; Multi-media and Open Learning Packs; CD-ROMs and Software",4143.000000531,6247.000000584,Others
717,Torbay,Adult Fiction,172611.0000007,32173.000000770004,Others
718,Torbay,Adult Non-Fiction,44905.00000400001,35100.999994640006,Others
719,Torbay,Children's Fiction,78375.00000097,27846.99999332,Others
720,Torbay,Children's Non-Fiction,8675.999999678,7301.000000474,Others
721,Torbay,Adult Talking Book,10720.999999872001,2911.999999929,Others
722,Torbay,Children's Talking Book,1337.9999999773001,643.000000055,Others
723,Torbay,"Music, Videos and DVDs; Multi-media and Open Learning Packs; CD-ROMs and Software",11642.000000114002,4298.000000675001,Others
724,Tower Hamlets,Adult Fiction,173668.99998382,71705.00001002,Others
725,Tower Hamlets,Adult Non-Fiction,137306.00001493,59448.99998844,Others
726,Tower Hamlets,Children's Fiction,341882.99996459996,67228.00001115,Others
727,Tower Hamlets,Children's Non-Fiction,33666.00001247,14331.999999874,Others
728,Tower Hamlets,Adult Talking Book,4308.000000002,3511.000000787,Others
729,Tower Hamlets,Children's Talking Book,426.99999985849996,291.0000000336,Others
730,Tower Hamlets,"Music, Videos and DVDs; Multi-media and Open Learning Packs; CD-ROMs and Software",40049.99999726,13270.999999871998,Others
731,Trafford,Adult Fiction,167406.00000077998,79339.99999622,Others
732,Trafford,Adult Non-Fiction,74684.99999808,53545.0000026,Others
733,Trafford,Children's Fiction,230201.99999848,53431.000000320004,Others
734,Trafford,Children's Non-Fiction,36135.0000105,16970.999999937998,Others
735,Trafford,Adult Talking Book,8851.99999899,6556.00000055,Others
736,Trafford,Children's Talking Book,1324.9999999112001,848.0000001046,Others
737,Trafford,"Music, Videos and DVDs; Multi-media and Open Learning Packs; CD-ROMs and Software",215.00000002680002,386.9999999058,Others
738,Walsall,Adult Fiction,231874.00000155,85704.00001245,Others
739,Walsall,Adult Non-Fiction,48982.00001265,32639.99999765,Others
740,Walsall,Children's Fiction,180518.999989,57203.999998600004,Others
741,Walsall,Children's Non-Fiction,25703.99999922,12640.999999815002,Others
742,Walsall,Adult Talking Book,14388.000000675002,8950.999999855001,Others
743,Walsall,Children's Talking Book,1318.0000000685,1058.9999998655,Others
744,Walsall,"Music, Videos and DVDs; Multi-media and Open Learning Packs; CD-ROMs and Software",2298.000000119,4882.000000385,Others
745,Waltham Forest,Adult Fiction,104707.99999540001,55676.000002299996,Others
746,Waltham Forest,Adult Non-Fiction,77786.00000649999,48850.9999939,Others
747,Waltham Forest,Children's Fiction,256252.99999100002,79262.9999888,Others
748,Waltham Forest,Children's Non-Fiction,33586.0000075,21050.999999530002,Others
749,Waltham Forest,Adult Talking Book,2278.999999971,5770.00000007,Others
750,Waltham Forest,Children's Talking Book,910.999999928,1177.000000021,Others
751,Waltham Forest,"Music, Videos and DVDs; Multi-media and Open Learning Packs; CD-ROMs and Software",494.99999997,4719.999999629999,Others
752,Wandsworth,Adult Fiction,352805.00014200003,109642.00001286,Others
753,Wandsworth,Adult Non-Fiction,311518.99998912,106320.00001580999,Others
754,Wandsworth,Children's Fiction,594833.0000424,136030.00000485,Others
755,Wandsworth,Children's Non-Fiction,124583.00001042,60361.999992209996,Others
756,Wandsworth,Adult Talking Book,7507.000001067,4927.999998768,Others
757,Wandsworth,Children's Talking Book,3821.000000811,1869.0000000272998,Others
758,Wandsworth,"Music, Videos and DVDs; Multi-media and Open Learning Packs; CD-ROMs and Software",17778.99999897,11593.000000281,Others
759,Warrington,Adult Fiction,223752.99996,62239.000005,Others
760,Warrington,Adult Non-Fiction,82909.999998,45594.999996,Others
761,Warrington,Children's Fiction,165304.000008,61194.999999,Others
762,Warrington,Children's Non-Fiction,27857.00001,13242.999999599999,Others
763,Warrington,Adult Talking Book,4737.999999600001,2782.9999995,Others
764,Warrington,Children's Talking Book,565.9999999500001,548.0000001000001,Others
765,Warrington,"Music, Videos and DVDs; Multi-media and Open Learning Packs; CD-ROMs and Software",371.99999991,849.00000003,Others
766,Warwickshire,Adult Fiction,668535.0002446999,164071.00000432,Others
767,Warwickshire,Adult Non-Fiction,251833.99998566,135281.99998264998,Others
768,Warwickshire,Children's Fiction,559733.0000246599,114172.99998832999,Others
769,Warwickshire,Children's Non-Fiction,71018.99998823,25396.999998514,Others
770,Warwickshire,Adult Talking Book,25434.999997942,14096.999997672,Others
771,Warwickshire,Children's Talking Book,118.0000001704,137.9999997781,Others
772,Warwickshire,"Music, Videos and DVDs; Multi-media and Open Learning Packs; CD-ROMs and Software",16230.000002671999,58645.99998529,Others
773,West Berkshire,Adult Fiction,148121.0000067,36001.9999943,Others
774,West Berkshire,Adult Non-Fiction,65507.0000009,24150.0000001,Others
775,West Berkshire,Children's Fiction,210380.00000200002,38560.9999927,Others
776,West Berkshire,Children's Non-Fiction,34523.99999995,10868.999999665,Others
777,West Berkshire,Adult Talking Book,14002.999999275002,3386.0000007549997,Others
778,West Berkshire,Children's Talking Book,5096.00000026,1221.0000000720001,Others
779,West Berkshire,"Music, Videos and DVDs; Multi-media and Open Learning Packs; CD-ROMs and Software",3918.9999999250003,3217.000000245,Others
780,West Sussex,Adult Fiction,1313773.000128,213578.0000352,Others
781,West Sussex,Adult Non-Fiction,662020.0000416001,176263.00004160003,Others
782,West Sussex,Children's Fiction,1167163.000128,190377.9999936,Others
783,West Sussex,Children's Non-Fiction,138703.999968,36836.00000064,Others
784,West Sussex,Adult Talking Book,73495.99999584,24201.000002880002,Others
785,West Sussex,Children's Talking Book,24058.99999584,5993.000000352,Others
786,West Sussex,"Music, Videos and DVDs; Multi-media and Open Learning Packs; CD-ROMs and Software",34589.99999808,16995.00000096,Others
787,Westminster,Adult Fiction,195240.99999066003,54722.00000826,Others
788,Westminster,Adult Non-Fiction,315000.9999942,161206.99999560002,Outlier
789,Westminster,Children's Fiction,266846.9999949,66302.99998959,Others
790,Westminster,Children's Non-Fiction,55785.99999453,20579.999998896,Others
791,Westminster,Adult Talking Book,2389.9999999434,2247.9999999015,Others
792,Westminster,Children's Talking Book,531.9999999288001,471.99999996630004,Others
793,Westminster,"Music, Videos and DVDs; Multi-media and Open Learning Packs; CD-ROMs and Software",19354.999999335,21319.99999974,Others
794,Wiltshire,Adult Fiction,672459.0,123105.0,Others
795,Wiltshire,Adult Non-Fiction,246271.0,91713.0,Others
796,Wiltshire,Children's Fiction,557493.0,87269.0,Others
797,Wiltshire,Children's Non-Fiction,73850.0,21641.0,Others
798,Wiltshire,Adult Talking Book,22108.0,8655.0,Others
799,Wiltshire,Children's Talking Book,9391.0,2816.0,Others
800,Wiltshire,"Music, Videos and DVDs; Multi-media and Open Learning Packs; CD-ROMs and Software",29308.0,18342.0,Others
801,Windsor & Maidenhead,Adult Fiction,169221.9999782,55140.99999664,Others
802,Windsor & Maidenhead,Adult Non-Fiction,80386.00000705999,39345.999993440004,Others
803,Windsor & Maidenhead,Children's Fiction,192038.99996,50007.99999826,Others
804,Windsor & Maidenhead,Children's Non-Fiction,26614.000006360002,14651.999999962,Others
805,Windsor & Maidenhead,Adult Talking Book,3936.9999997140003,4029.99999929,Others
806,Windsor & Maidenhead,Children's Talking Book,1379.000000005,672.0000000424001,Others
807,Windsor & Maidenhead,"Music, Videos and DVDs; Multi-media and Open Learning Packs; CD-ROMs and Software",3590.000000596,3523.0000002340003,Others
808,Wirral,Adult Fiction,373688.0001,117073.0000152,Others
809,Wirral,Adult Non-Fiction,119849.99999760001,99016.00000920001,Others
810,Wirral,Children's Fiction,231978.000006,84428.99998919999,Others
811,Wirral,Children's Non-Fiction,37224.9999972,20281.99999932,Others
812,Wirral,Adult Talking Book,5709.9999999599995,7056.000000720001,Others
813,Wirral,Children's Talking Book,1232.000000064,548.9999998559999,Others
814,Wirral,"Music, Videos and DVDs; Multi-media and Open Learning Packs; CD-ROMs and Software",35149.9999932,13210.000000560001,Others
815,Wolverhampton,Adult Fiction,243034.00000193997,97389.99999749998,Others
816,Wolverhampton,Adult Non-Fiction,86947.00000518,67675.00000937999,Others
817,Wolverhampton,Children's Fiction,212561.00000531998,80136.00001314,Others
818,Wolverhampton,Children's Non-Fiction,137779.00001316,55419.00001121999,Outlier
819,Wolverhampton,Adult Talking Book,13244.999999736,4207.00000089,Others
820,Wolverhampton,Children's Talking Book,1260.0000000425998,1555.0000000577998,Others
821,Wolverhampton,"Music, Videos and DVDs; Multi-media and Open Learning Packs; CD-ROMs and Software",2692.0000004279996,5800.9999987559995,Others
822,Worcestershire,Adult Fiction,928651.0001273999,181110.99998213997,Others
823,Worcestershire,Adult Non-Fiction,438882.99999497994,260528.9999877,Others
824,Worcestershire,Children's Fiction,523861.00000001997,153581.99997222,Others
825,Worcestershire,Children's Non-Fiction,74861.99998344,46123.999997958,Others
826,Worcestershire,Adult Talking Book,13178.000002067998,8872.000001442,Others
827,Worcestershire,Children's Talking Book,3003.0000001092,2136.999999843,Others
828,Worcestershire,"Music, Videos and DVDs; Multi-media and Open Learning Packs; CD-ROMs and Software",6340.0000000499995,14019.999999245998,Others
829,York,Adult Fiction,272022.0000732,50956.999994159996,Others
830,York,Adult Non-Fiction,151229.00000988,45635.00000904,Others
831,York,Children's Fiction,211603.9999086,33582.0000087,Others
832,York,Children's Non-Fiction,36116.00000892,8337.000000654,Others
833,York,Adult Talking Book,15978.000000222,3854.9999989800003,Others
834,York,Children's Talking Book,3135.9999991319996,819.0000000233999,Others
835,York,"Music, Videos and DVDs; Multi-media and Open Learning Packs; CD-ROMs and Software",285.9999999246,78.9999999048,Others
